<?xml version="1.0" encoding="UTF-8"?>
<spirit:component xmlns:xilinx="http://www.xilinx.com"
		xmlns:spirit="http://www.spiritconsortium.org/XMLSchema/SPIRIT/1685-2009"
		xmlns:xsi="http://www.w3.org/2001/XMLSchema-instance">
	<spirit:vendor>xilinx.com</spirit:vendor>
	<spirit:library>customized_ip</spirit:library>
	<spirit:name>zynq_bd_axi_gpio_0_0</spirit:name>
	<spirit:version>1.0</spirit:version>
	<spirit:busInterfaces>
		<spirit:busInterface>
			<spirit:name>S_AXI</spirit:name>
			<spirit:displayName>S_AXI</spirit:displayName>
			<spirit:busType spirit:vendor="xilinx.com"
					spirit:library="interface"
					spirit:name="aximm"
					spirit:version="1.0"/>
			<spirit:abstractionType spirit:vendor="xilinx.com"
					spirit:library="interface"
					spirit:name="aximm_rtl"
					spirit:version="1.0"/>
			<spirit:slave/>
			<spirit:portMaps>
				<spirit:portMap>
					<spirit:logicalPort>
						<spirit:name>ARADDR</spirit:name>
					</spirit:logicalPort>
					<spirit:physicalPort>
						<spirit:name>s_axi_araddr</spirit:name>
					</spirit:physicalPort>
				</spirit:portMap>
				<spirit:portMap>
					<spirit:logicalPort>
						<spirit:name>ARREADY</spirit:name>
					</spirit:logicalPort>
					<spirit:physicalPort>
						<spirit:name>s_axi_arready</spirit:name>
					</spirit:physicalPort>
				</spirit:portMap>
				<spirit:portMap>
					<spirit:logicalPort>
						<spirit:name>ARVALID</spirit:name>
					</spirit:logicalPort>
					<spirit:physicalPort>
						<spirit:name>s_axi_arvalid</spirit:name>
					</spirit:physicalPort>
				</spirit:portMap>
				<spirit:portMap>
					<spirit:logicalPort>
						<spirit:name>AWADDR</spirit:name>
					</spirit:logicalPort>
					<spirit:physicalPort>
						<spirit:name>s_axi_awaddr</spirit:name>
					</spirit:physicalPort>
				</spirit:portMap>
				<spirit:portMap>
					<spirit:logicalPort>
						<spirit:name>AWREADY</spirit:name>
					</spirit:logicalPort>
					<spirit:physicalPort>
						<spirit:name>s_axi_awready</spirit:name>
					</spirit:physicalPort>
				</spirit:portMap>
				<spirit:portMap>
					<spirit:logicalPort>
						<spirit:name>AWVALID</spirit:name>
					</spirit:logicalPort>
					<spirit:physicalPort>
						<spirit:name>s_axi_awvalid</spirit:name>
					</spirit:physicalPort>
				</spirit:portMap>
				<spirit:portMap>
					<spirit:logicalPort>
						<spirit:name>BREADY</spirit:name>
					</spirit:logicalPort>
					<spirit:physicalPort>
						<spirit:name>s_axi_bready</spirit:name>
					</spirit:physicalPort>
				</spirit:portMap>
				<spirit:portMap>
					<spirit:logicalPort>
						<spirit:name>BRESP</spirit:name>
					</spirit:logicalPort>
					<spirit:physicalPort>
						<spirit:name>s_axi_bresp</spirit:name>
					</spirit:physicalPort>
				</spirit:portMap>
				<spirit:portMap>
					<spirit:logicalPort>
						<spirit:name>BVALID</spirit:name>
					</spirit:logicalPort>
					<spirit:physicalPort>
						<spirit:name>s_axi_bvalid</spirit:name>
					</spirit:physicalPort>
				</spirit:portMap>
				<spirit:portMap>
					<spirit:logicalPort>
						<spirit:name>RDATA</spirit:name>
					</spirit:logicalPort>
					<spirit:physicalPort>
						<spirit:name>s_axi_rdata</spirit:name>
					</spirit:physicalPort>
				</spirit:portMap>
				<spirit:portMap>
					<spirit:logicalPort>
						<spirit:name>RREADY</spirit:name>
					</spirit:logicalPort>
					<spirit:physicalPort>
						<spirit:name>s_axi_rready</spirit:name>
					</spirit:physicalPort>
				</spirit:portMap>
				<spirit:portMap>
					<spirit:logicalPort>
						<spirit:name>RRESP</spirit:name>
					</spirit:logicalPort>
					<spirit:physicalPort>
						<spirit:name>s_axi_rresp</spirit:name>
					</spirit:physicalPort>
				</spirit:portMap>
				<spirit:portMap>
					<spirit:logicalPort>
						<spirit:name>RVALID</spirit:name>
					</spirit:logicalPort>
					<spirit:physicalPort>
						<spirit:name>s_axi_rvalid</spirit:name>
					</spirit:physicalPort>
				</spirit:portMap>
				<spirit:portMap>
					<spirit:logicalPort>
						<spirit:name>WDATA</spirit:name>
					</spirit:logicalPort>
					<spirit:physicalPort>
						<spirit:name>s_axi_wdata</spirit:name>
					</spirit:physicalPort>
				</spirit:portMap>
				<spirit:portMap>
					<spirit:logicalPort>
						<spirit:name>WREADY</spirit:name>
					</spirit:logicalPort>
					<spirit:physicalPort>
						<spirit:name>s_axi_wready</spirit:name>
					</spirit:physicalPort>
				</spirit:portMap>
				<spirit:portMap>
					<spirit:logicalPort>
						<spirit:name>WSTRB</spirit:name>
					</spirit:logicalPort>
					<spirit:physicalPort>
						<spirit:name>s_axi_wstrb</spirit:name>
					</spirit:physicalPort>
				</spirit:portMap>
				<spirit:portMap>
					<spirit:logicalPort>
						<spirit:name>WVALID</spirit:name>
					</spirit:logicalPort>
					<spirit:physicalPort>
						<spirit:name>s_axi_wvalid</spirit:name>
					</spirit:physicalPort>
				</spirit:portMap>
			</spirit:portMaps>
		</spirit:busInterface>
		<spirit:busInterface>
			<spirit:name>S_AXI_ACLK</spirit:name>
			<spirit:displayName>s_axi_aclk</spirit:displayName>
			<spirit:busType spirit:vendor="xilinx.com"
					spirit:library="signal"
					spirit:name="clock"
					spirit:version="1.0"/>
			<spirit:abstractionType spirit:vendor="xilinx.com"
					spirit:library="signal"
					spirit:name="clock_rtl"
					spirit:version="1.0"/>
			<spirit:slave/>
			<spirit:portMaps>
				<spirit:portMap>
					<spirit:logicalPort>
						<spirit:name>CLK</spirit:name>
					</spirit:logicalPort>
					<spirit:physicalPort>
						<spirit:name>s_axi_aclk</spirit:name>
					</spirit:physicalPort>
				</spirit:portMap>
			</spirit:portMaps>
			<spirit:parameters>
				<spirit:parameter>
					<spirit:name>ASSOCIATED_BUSIF</spirit:name>
					<spirit:value spirit:id="BUSIFPARAM_VALUE.S_AXI_ACLK.ASSOCIATED_BUSIF">S_AXI</spirit:value>
				</spirit:parameter>
				<spirit:parameter>
					<spirit:name>ASSOCIATED_RESET</spirit:name>
					<spirit:value spirit:id="BUSIFPARAM_VALUE.S_AXI_ACLK.ASSOCIATED_RESET">s_axi_aresetn</spirit:value>
				</spirit:parameter>
			</spirit:parameters>
		</spirit:busInterface>
		<spirit:busInterface>
			<spirit:name>S_AXI_ARESETN</spirit:name>
			<spirit:displayName>s_axi_aresetn</spirit:displayName>
			<spirit:busType spirit:vendor="xilinx.com"
					spirit:library="signal"
					spirit:name="reset"
					spirit:version="1.0"/>
			<spirit:abstractionType spirit:vendor="xilinx.com"
					spirit:library="signal"
					spirit:name="reset_rtl"
					spirit:version="1.0"/>
			<spirit:slave/>
			<spirit:portMaps>
				<spirit:portMap>
					<spirit:logicalPort>
						<spirit:name>RST</spirit:name>
					</spirit:logicalPort>
					<spirit:physicalPort>
						<spirit:name>s_axi_aresetn</spirit:name>
					</spirit:physicalPort>
				</spirit:portMap>
			</spirit:portMaps>
			<spirit:parameters>
				<spirit:parameter>
					<spirit:name>POLARITY</spirit:name>
					<spirit:value spirit:id="BUSIFPARAM_VALUE.S_AXI_ARESETN.POLARITY">ACTIVE_LOW</spirit:value>
				</spirit:parameter>
			</spirit:parameters>
		</spirit:busInterface>
		<spirit:busInterface>
			<spirit:name>IP2INTC_IRQ</spirit:name>
			<spirit:displayName>IP2Intc_irq</spirit:displayName>
			<spirit:busType spirit:vendor="xilinx.com"
					spirit:library="signal"
					spirit:name="interrupt"
					spirit:version="1.0"/>
			<spirit:abstractionType spirit:vendor="xilinx.com"
					spirit:library="signal"
					spirit:name="interrupt_rtl"
					spirit:version="1.0"/>
			<spirit:master/>
			<spirit:portMaps>
				<spirit:portMap>
					<spirit:logicalPort>
						<spirit:name>INTERRUPT</spirit:name>
					</spirit:logicalPort>
					<spirit:physicalPort>
						<spirit:name>ip2intc_irpt</spirit:name>
					</spirit:physicalPort>
				</spirit:portMap>
			</spirit:portMaps>
			<spirit:parameters>
				<spirit:parameter>
					<spirit:name>SENSITIVITY</spirit:name>
					<spirit:value spirit:id="BUSIFPARAM_VALUE.IP2INTC_IRQ.SENSITIVITY">LEVEL_HIGH</spirit:value>
				</spirit:parameter>
			</spirit:parameters>
			<spirit:vendorExtensions>
				<xilinx:busInterfaceInfo>
					<xilinx:enablement>
						<xilinx:presence>optional</xilinx:presence>
						<xilinx:isEnabled xilinx:resolve="dependent"
								xilinx:dependency="spirit:decode(id(&apos;MODELPARAM_VALUE.C_INTERRUPT_PRESENT&apos;))=1">false</xilinx:isEnabled>
					</xilinx:enablement>
				</xilinx:busInterfaceInfo>
			</spirit:vendorExtensions>
		</spirit:busInterface>
		<spirit:busInterface>
			<spirit:name>GPIO</spirit:name>
			<spirit:displayName>GPIO</spirit:displayName>
			<spirit:busType spirit:vendor="xilinx.com"
					spirit:library="interface"
					spirit:name="gpio"
					spirit:version="1.0"/>
			<spirit:abstractionType spirit:vendor="xilinx.com"
					spirit:library="interface"
					spirit:name="gpio_rtl"
					spirit:version="1.0"/>
			<spirit:master/>
			<spirit:portMaps>
				<spirit:portMap>
					<spirit:logicalPort>
						<spirit:name>TRI_I</spirit:name>
					</spirit:logicalPort>
					<spirit:physicalPort>
						<spirit:name>gpio_io_i</spirit:name>
					</spirit:physicalPort>
				</spirit:portMap>
				<spirit:portMap>
					<spirit:logicalPort>
						<spirit:name>TRI_O</spirit:name>
					</spirit:logicalPort>
					<spirit:physicalPort>
						<spirit:name>gpio_io_o</spirit:name>
					</spirit:physicalPort>
				</spirit:portMap>
				<spirit:portMap>
					<spirit:logicalPort>
						<spirit:name>TRI_T</spirit:name>
					</spirit:logicalPort>
					<spirit:physicalPort>
						<spirit:name>gpio_io_t</spirit:name>
					</spirit:physicalPort>
				</spirit:portMap>
			</spirit:portMaps>
			<spirit:parameters>
				<spirit:parameter>
					<spirit:name>BOARD.ASSOCIATED_PARAM</spirit:name>
					<spirit:value spirit:id="BUSIFPARAM_VALUE.GPIO.BOARD.ASSOCIATED_PARAM">GPIO_BOARD_INTERFACE</spirit:value>
					<spirit:vendorExtensions>
						<xilinx:parameterInfo>
							<xilinx:enablement>
								<xilinx:presence>required</xilinx:presence>
							</xilinx:enablement>
						</xilinx:parameterInfo>
					</spirit:vendorExtensions>
				</spirit:parameter>
			</spirit:parameters>
			<spirit:vendorExtensions>
				<xilinx:busInterfaceInfo>
					<xilinx:enablement>
						<xilinx:presence>optional</xilinx:presence>
						<xilinx:isEnabled xilinx:resolve="dependent">true</xilinx:isEnabled>
					</xilinx:enablement>
				</xilinx:busInterfaceInfo>
			</spirit:vendorExtensions>
		</spirit:busInterface>
		<spirit:busInterface>
			<spirit:name>GPIO2</spirit:name>
			<spirit:displayName>GPIO2</spirit:displayName>
			<spirit:busType spirit:vendor="xilinx.com"
					spirit:library="interface"
					spirit:name="gpio"
					spirit:version="1.0"/>
			<spirit:abstractionType spirit:vendor="xilinx.com"
					spirit:library="interface"
					spirit:name="gpio_rtl"
					spirit:version="1.0"/>
			<spirit:master/>
			<spirit:portMaps>
				<spirit:portMap>
					<spirit:logicalPort>
						<spirit:name>TRI_I</spirit:name>
					</spirit:logicalPort>
					<spirit:physicalPort>
						<spirit:name>gpio2_io_i</spirit:name>
					</spirit:physicalPort>
				</spirit:portMap>
				<spirit:portMap>
					<spirit:logicalPort>
						<spirit:name>TRI_O</spirit:name>
					</spirit:logicalPort>
					<spirit:physicalPort>
						<spirit:name>gpio2_io_o</spirit:name>
					</spirit:physicalPort>
				</spirit:portMap>
				<spirit:portMap>
					<spirit:logicalPort>
						<spirit:name>TRI_T</spirit:name>
					</spirit:logicalPort>
					<spirit:physicalPort>
						<spirit:name>gpio2_io_t</spirit:name>
					</spirit:physicalPort>
				</spirit:portMap>
			</spirit:portMaps>
			<spirit:parameters>
				<spirit:parameter>
					<spirit:name>BOARD.ASSOCIATED_PARAM</spirit:name>
					<spirit:value spirit:id="BUSIFPARAM_VALUE.GPIO2.BOARD.ASSOCIATED_PARAM">GPIO2_BOARD_INTERFACE</spirit:value>
					<spirit:vendorExtensions>
						<xilinx:parameterInfo>
							<xilinx:enablement>
								<xilinx:presence>required</xilinx:presence>
							</xilinx:enablement>
						</xilinx:parameterInfo>
					</spirit:vendorExtensions>
				</spirit:parameter>
			</spirit:parameters>
			<spirit:vendorExtensions>
				<xilinx:busInterfaceInfo>
					<xilinx:enablement>
						<xilinx:presence>optional</xilinx:presence>
						<xilinx:isEnabled xilinx:resolve="dependent"
								xilinx:dependency="spirit:decode(id(&apos;MODELPARAM_VALUE.C_IS_DUAL&apos;)) = 1">false</xilinx:isEnabled>
					</xilinx:enablement>
				</xilinx:busInterfaceInfo>
			</spirit:vendorExtensions>
		</spirit:busInterface>
	</spirit:busInterfaces>
	<spirit:model>
		<spirit:ports>
			<spirit:port>
				<spirit:name>s_axi_aclk</spirit:name>
				<spirit:wire>
					<spirit:direction>in</spirit:direction>
					<spirit:wireTypeDefs>
						<spirit:wireTypeDef>
							<spirit:typeName>std_logic</spirit:typeName>
							<spirit:viewNameRef>dummy_view</spirit:viewNameRef>
						</spirit:wireTypeDef>
					</spirit:wireTypeDefs>
					<spirit:driver>
						<spirit:defaultValue spirit:bitStringLength="1">0</spirit:defaultValue>
					</spirit:driver>
				</spirit:wire>
				<spirit:vendorExtensions>
					<xilinx:portInfo>
						<xilinx:enablement>
							<xilinx:isEnabled>true</xilinx:isEnabled>
						</xilinx:enablement>
					</xilinx:portInfo>
				</spirit:vendorExtensions>
			</spirit:port>
			<spirit:port>
				<spirit:name>s_axi_aresetn</spirit:name>
				<spirit:wire>
					<spirit:direction>in</spirit:direction>
					<spirit:wireTypeDefs>
						<spirit:wireTypeDef>
							<spirit:typeName>std_logic</spirit:typeName>
							<spirit:viewNameRef>dummy_view</spirit:viewNameRef>
						</spirit:wireTypeDef>
					</spirit:wireTypeDefs>
					<spirit:driver>
						<spirit:defaultValue spirit:format="bitString"
								spirit:bitStringLength="1">1</spirit:defaultValue>
					</spirit:driver>
				</spirit:wire>
				<spirit:vendorExtensions>
					<xilinx:portInfo>
						<xilinx:enablement>
							<xilinx:isEnabled>true</xilinx:isEnabled>
						</xilinx:enablement>
					</xilinx:portInfo>
				</spirit:vendorExtensions>
			</spirit:port>
			<spirit:port>
				<spirit:name>s_axi_awaddr</spirit:name>
				<spirit:wire>
					<spirit:direction>in</spirit:direction>
					<spirit:vector>
						<spirit:left>8</spirit:left>
						<spirit:right>0</spirit:right>
					</spirit:vector>
					<spirit:wireTypeDefs>
						<spirit:wireTypeDef>
							<spirit:typeName>std_logic_vector</spirit:typeName>
							<spirit:viewNameRef>dummy_view</spirit:viewNameRef>
						</spirit:wireTypeDef>
					</spirit:wireTypeDefs>
					<spirit:driver>
						<spirit:defaultValue spirit:bitStringLength="32">0</spirit:defaultValue>
					</spirit:driver>
				</spirit:wire>
				<spirit:vendorExtensions>
					<xilinx:portInfo>
						<xilinx:enablement>
							<xilinx:isEnabled>true</xilinx:isEnabled>
						</xilinx:enablement>
					</xilinx:portInfo>
				</spirit:vendorExtensions>
			</spirit:port>
			<spirit:port>
				<spirit:name>s_axi_awvalid</spirit:name>
				<spirit:wire>
					<spirit:direction>in</spirit:direction>
					<spirit:wireTypeDefs>
						<spirit:wireTypeDef>
							<spirit:typeName>std_logic</spirit:typeName>
							<spirit:viewNameRef>dummy_view</spirit:viewNameRef>
						</spirit:wireTypeDef>
					</spirit:wireTypeDefs>
					<spirit:driver>
						<spirit:defaultValue spirit:bitStringLength="1">0</spirit:defaultValue>
					</spirit:driver>
				</spirit:wire>
				<spirit:vendorExtensions>
					<xilinx:portInfo>
						<xilinx:enablement>
							<xilinx:isEnabled>true</xilinx:isEnabled>
						</xilinx:enablement>
					</xilinx:portInfo>
				</spirit:vendorExtensions>
			</spirit:port>
			<spirit:port>
				<spirit:name>s_axi_awready</spirit:name>
				<spirit:wire>
					<spirit:direction>out</spirit:direction>
					<spirit:wireTypeDefs>
						<spirit:wireTypeDef>
							<spirit:typeName>std_logic</spirit:typeName>
							<spirit:viewNameRef>dummy_view</spirit:viewNameRef>
						</spirit:wireTypeDef>
					</spirit:wireTypeDefs>
				</spirit:wire>
				<spirit:vendorExtensions>
					<xilinx:portInfo>
						<xilinx:enablement>
							<xilinx:isEnabled>true</xilinx:isEnabled>
						</xilinx:enablement>
					</xilinx:portInfo>
				</spirit:vendorExtensions>
			</spirit:port>
			<spirit:port>
				<spirit:name>s_axi_wdata</spirit:name>
				<spirit:wire>
					<spirit:direction>in</spirit:direction>
					<spirit:vector>
						<spirit:left>31</spirit:left>
						<spirit:right>0</spirit:right>
					</spirit:vector>
					<spirit:wireTypeDefs>
						<spirit:wireTypeDef>
							<spirit:typeName>std_logic_vector</spirit:typeName>
							<spirit:viewNameRef>dummy_view</spirit:viewNameRef>
						</spirit:wireTypeDef>
					</spirit:wireTypeDefs>
					<spirit:driver>
						<spirit:defaultValue spirit:bitStringLength="32">0</spirit:defaultValue>
					</spirit:driver>
				</spirit:wire>
				<spirit:vendorExtensions>
					<xilinx:portInfo>
						<xilinx:enablement>
							<xilinx:isEnabled>true</xilinx:isEnabled>
						</xilinx:enablement>
					</xilinx:portInfo>
				</spirit:vendorExtensions>
			</spirit:port>
			<spirit:port>
				<spirit:name>s_axi_wstrb</spirit:name>
				<spirit:wire>
					<spirit:direction>in</spirit:direction>
					<spirit:vector>
						<spirit:left spirit:resolve="dependent"
								spirit:dependency="((spirit:decode(id(&apos;MODELPARAM_VALUE.C_S_AXI_DATA_WIDTH&apos;)) div 8) - 1)">3</spirit:left>
						<spirit:right>0</spirit:right>
					</spirit:vector>
					<spirit:wireTypeDefs>
						<spirit:wireTypeDef>
							<spirit:typeName>std_logic_vector</spirit:typeName>
							<spirit:viewNameRef>dummy_view</spirit:viewNameRef>
						</spirit:wireTypeDef>
					</spirit:wireTypeDefs>
					<spirit:driver>
						<spirit:defaultValue spirit:bitStringLength="4">0</spirit:defaultValue>
					</spirit:driver>
				</spirit:wire>
				<spirit:vendorExtensions>
					<xilinx:portInfo>
						<xilinx:enablement>
							<xilinx:isEnabled>true</xilinx:isEnabled>
						</xilinx:enablement>
					</xilinx:portInfo>
				</spirit:vendorExtensions>
			</spirit:port>
			<spirit:port>
				<spirit:name>s_axi_wvalid</spirit:name>
				<spirit:wire>
					<spirit:direction>in</spirit:direction>
					<spirit:wireTypeDefs>
						<spirit:wireTypeDef>
							<spirit:typeName>std_logic</spirit:typeName>
							<spirit:viewNameRef>dummy_view</spirit:viewNameRef>
						</spirit:wireTypeDef>
					</spirit:wireTypeDefs>
					<spirit:driver>
						<spirit:defaultValue spirit:bitStringLength="1">0</spirit:defaultValue>
					</spirit:driver>
				</spirit:wire>
				<spirit:vendorExtensions>
					<xilinx:portInfo>
						<xilinx:enablement>
							<xilinx:isEnabled>true</xilinx:isEnabled>
						</xilinx:enablement>
					</xilinx:portInfo>
				</spirit:vendorExtensions>
			</spirit:port>
			<spirit:port>
				<spirit:name>s_axi_wready</spirit:name>
				<spirit:wire>
					<spirit:direction>out</spirit:direction>
					<spirit:wireTypeDefs>
						<spirit:wireTypeDef>
							<spirit:typeName>std_logic</spirit:typeName>
							<spirit:viewNameRef>dummy_view</spirit:viewNameRef>
						</spirit:wireTypeDef>
					</spirit:wireTypeDefs>
				</spirit:wire>
				<spirit:vendorExtensions>
					<xilinx:portInfo>
						<xilinx:enablement>
							<xilinx:isEnabled>true</xilinx:isEnabled>
						</xilinx:enablement>
					</xilinx:portInfo>
				</spirit:vendorExtensions>
			</spirit:port>
			<spirit:port>
				<spirit:name>s_axi_bresp</spirit:name>
				<spirit:wire>
					<spirit:direction>out</spirit:direction>
					<spirit:vector>
						<spirit:left>1</spirit:left>
						<spirit:right>0</spirit:right>
					</spirit:vector>
					<spirit:wireTypeDefs>
						<spirit:wireTypeDef>
							<spirit:typeName>std_logic_vector</spirit:typeName>
							<spirit:viewNameRef>dummy_view</spirit:viewNameRef>
						</spirit:wireTypeDef>
					</spirit:wireTypeDefs>
				</spirit:wire>
				<spirit:vendorExtensions>
					<xilinx:portInfo>
						<xilinx:enablement>
							<xilinx:isEnabled>true</xilinx:isEnabled>
						</xilinx:enablement>
					</xilinx:portInfo>
				</spirit:vendorExtensions>
			</spirit:port>
			<spirit:port>
				<spirit:name>s_axi_bvalid</spirit:name>
				<spirit:wire>
					<spirit:direction>out</spirit:direction>
					<spirit:wireTypeDefs>
						<spirit:wireTypeDef>
							<spirit:typeName>std_logic</spirit:typeName>
							<spirit:viewNameRef>dummy_view</spirit:viewNameRef>
						</spirit:wireTypeDef>
					</spirit:wireTypeDefs>
				</spirit:wire>
				<spirit:vendorExtensions>
					<xilinx:portInfo>
						<xilinx:enablement>
							<xilinx:isEnabled>true</xilinx:isEnabled>
						</xilinx:enablement>
					</xilinx:portInfo>
				</spirit:vendorExtensions>
			</spirit:port>
			<spirit:port>
				<spirit:name>s_axi_bready</spirit:name>
				<spirit:wire>
					<spirit:direction>in</spirit:direction>
					<spirit:wireTypeDefs>
						<spirit:wireTypeDef>
							<spirit:typeName>std_logic</spirit:typeName>
							<spirit:viewNameRef>dummy_view</spirit:viewNameRef>
						</spirit:wireTypeDef>
					</spirit:wireTypeDefs>
					<spirit:driver>
						<spirit:defaultValue spirit:bitStringLength="1">0</spirit:defaultValue>
					</spirit:driver>
				</spirit:wire>
				<spirit:vendorExtensions>
					<xilinx:portInfo>
						<xilinx:enablement>
							<xilinx:isEnabled>true</xilinx:isEnabled>
						</xilinx:enablement>
					</xilinx:portInfo>
				</spirit:vendorExtensions>
			</spirit:port>
			<spirit:port>
				<spirit:name>s_axi_araddr</spirit:name>
				<spirit:wire>
					<spirit:direction>in</spirit:direction>
					<spirit:vector>
						<spirit:left>8</spirit:left>
						<spirit:right>0</spirit:right>
					</spirit:vector>
					<spirit:wireTypeDefs>
						<spirit:wireTypeDef>
							<spirit:typeName>std_logic_vector</spirit:typeName>
							<spirit:viewNameRef>dummy_view</spirit:viewNameRef>
						</spirit:wireTypeDef>
					</spirit:wireTypeDefs>
					<spirit:driver>
						<spirit:defaultValue spirit:bitStringLength="32">0</spirit:defaultValue>
					</spirit:driver>
				</spirit:wire>
				<spirit:vendorExtensions>
					<xilinx:portInfo>
						<xilinx:enablement>
							<xilinx:isEnabled>true</xilinx:isEnabled>
						</xilinx:enablement>
					</xilinx:portInfo>
				</spirit:vendorExtensions>
			</spirit:port>
			<spirit:port>
				<spirit:name>s_axi_arvalid</spirit:name>
				<spirit:wire>
					<spirit:direction>in</spirit:direction>
					<spirit:wireTypeDefs>
						<spirit:wireTypeDef>
							<spirit:typeName>std_logic</spirit:typeName>
							<spirit:viewNameRef>dummy_view</spirit:viewNameRef>
						</spirit:wireTypeDef>
					</spirit:wireTypeDefs>
					<spirit:driver>
						<spirit:defaultValue spirit:bitStringLength="1">0</spirit:defaultValue>
					</spirit:driver>
				</spirit:wire>
				<spirit:vendorExtensions>
					<xilinx:portInfo>
						<xilinx:enablement>
							<xilinx:isEnabled>true</xilinx:isEnabled>
						</xilinx:enablement>
					</xilinx:portInfo>
				</spirit:vendorExtensions>
			</spirit:port>
			<spirit:port>
				<spirit:name>s_axi_arready</spirit:name>
				<spirit:wire>
					<spirit:direction>out</spirit:direction>
					<spirit:wireTypeDefs>
						<spirit:wireTypeDef>
							<spirit:typeName>std_logic</spirit:typeName>
							<spirit:viewNameRef>dummy_view</spirit:viewNameRef>
						</spirit:wireTypeDef>
					</spirit:wireTypeDefs>
				</spirit:wire>
				<spirit:vendorExtensions>
					<xilinx:portInfo>
						<xilinx:enablement>
							<xilinx:isEnabled>true</xilinx:isEnabled>
						</xilinx:enablement>
					</xilinx:portInfo>
				</spirit:vendorExtensions>
			</spirit:port>
			<spirit:port>
				<spirit:name>s_axi_rdata</spirit:name>
				<spirit:wire>
					<spirit:direction>out</spirit:direction>
					<spirit:vector>
						<spirit:left>31</spirit:left>
						<spirit:right>0</spirit:right>
					</spirit:vector>
					<spirit:wireTypeDefs>
						<spirit:wireTypeDef>
							<spirit:typeName>std_logic_vector</spirit:typeName>
							<spirit:viewNameRef>dummy_view</spirit:viewNameRef>
						</spirit:wireTypeDef>
					</spirit:wireTypeDefs>
				</spirit:wire>
				<spirit:vendorExtensions>
					<xilinx:portInfo>
						<xilinx:enablement>
							<xilinx:isEnabled>true</xilinx:isEnabled>
						</xilinx:enablement>
					</xilinx:portInfo>
				</spirit:vendorExtensions>
			</spirit:port>
			<spirit:port>
				<spirit:name>s_axi_rresp</spirit:name>
				<spirit:wire>
					<spirit:direction>out</spirit:direction>
					<spirit:vector>
						<spirit:left>1</spirit:left>
						<spirit:right>0</spirit:right>
					</spirit:vector>
					<spirit:wireTypeDefs>
						<spirit:wireTypeDef>
							<spirit:typeName>std_logic_vector</spirit:typeName>
							<spirit:viewNameRef>dummy_view</spirit:viewNameRef>
						</spirit:wireTypeDef>
					</spirit:wireTypeDefs>
				</spirit:wire>
				<spirit:vendorExtensions>
					<xilinx:portInfo>
						<xilinx:enablement>
							<xilinx:isEnabled>true</xilinx:isEnabled>
						</xilinx:enablement>
					</xilinx:portInfo>
				</spirit:vendorExtensions>
			</spirit:port>
			<spirit:port>
				<spirit:name>s_axi_rvalid</spirit:name>
				<spirit:wire>
					<spirit:direction>out</spirit:direction>
					<spirit:wireTypeDefs>
						<spirit:wireTypeDef>
							<spirit:typeName>std_logic</spirit:typeName>
							<spirit:viewNameRef>dummy_view</spirit:viewNameRef>
						</spirit:wireTypeDef>
					</spirit:wireTypeDefs>
				</spirit:wire>
				<spirit:vendorExtensions>
					<xilinx:portInfo>
						<xilinx:enablement>
							<xilinx:isEnabled>true</xilinx:isEnabled>
						</xilinx:enablement>
					</xilinx:portInfo>
				</spirit:vendorExtensions>
			</spirit:port>
			<spirit:port>
				<spirit:name>s_axi_rready</spirit:name>
				<spirit:wire>
					<spirit:direction>in</spirit:direction>
					<spirit:wireTypeDefs>
						<spirit:wireTypeDef>
							<spirit:typeName>std_logic</spirit:typeName>
							<spirit:viewNameRef>dummy_view</spirit:viewNameRef>
						</spirit:wireTypeDef>
					</spirit:wireTypeDefs>
					<spirit:driver>
						<spirit:defaultValue spirit:bitStringLength="1">0</spirit:defaultValue>
					</spirit:driver>
				</spirit:wire>
				<spirit:vendorExtensions>
					<xilinx:portInfo>
						<xilinx:enablement>
							<xilinx:isEnabled>true</xilinx:isEnabled>
						</xilinx:enablement>
					</xilinx:portInfo>
				</spirit:vendorExtensions>
			</spirit:port>
			<spirit:port>
				<spirit:name>ip2intc_irpt</spirit:name>
				<spirit:wire>
					<spirit:direction>out</spirit:direction>
					<spirit:wireTypeDefs>
						<spirit:wireTypeDef>
							<spirit:typeName>std_logic</spirit:typeName>
							<spirit:viewNameRef>dummy_view</spirit:viewNameRef>
						</spirit:wireTypeDef>
					</spirit:wireTypeDefs>
				</spirit:wire>
				<spirit:vendorExtensions>
					<xilinx:portInfo>
						<xilinx:enablement>
							<xilinx:presence>optional</xilinx:presence>
							<xilinx:isEnabled xilinx:resolve="dependent"
									xilinx:dependency="(spirit:decode(id(&apos;MODELPARAM_VALUE.C_INTERRUPT_PRESENT&apos;))=1)">false</xilinx:isEnabled>
						</xilinx:enablement>
					</xilinx:portInfo>
				</spirit:vendorExtensions>
			</spirit:port>
			<spirit:port>
				<spirit:name>gpio_io_i</spirit:name>
				<spirit:wire>
					<spirit:direction>in</spirit:direction>
					<spirit:vector>
						<spirit:left spirit:resolve="dependent"
								spirit:dependency="(spirit:decode(id(&apos;MODELPARAM_VALUE.C_GPIO_WIDTH&apos;)) - 1)">3</spirit:left>
						<spirit:right>0</spirit:right>
					</spirit:vector>
					<spirit:wireTypeDefs>
						<spirit:wireTypeDef>
							<spirit:typeName>std_logic_vector</spirit:typeName>
							<spirit:viewNameRef>dummy_view</spirit:viewNameRef>
						</spirit:wireTypeDef>
					</spirit:wireTypeDefs>
					<spirit:driver>
						<spirit:defaultValue spirit:bitStringLength="32">0</spirit:defaultValue>
					</spirit:driver>
				</spirit:wire>
				<spirit:vendorExtensions>
					<xilinx:portInfo>
						<xilinx:enablement>
							<xilinx:presence>optional</xilinx:presence>
							<xilinx:isEnabled xilinx:resolve="dependent"
									xilinx:dependency="(spirit:decode(id(&apos;MODELPARAM_VALUE.C_ALL_OUTPUTS&apos;)) =0)">false</xilinx:isEnabled>
						</xilinx:enablement>
					</xilinx:portInfo>
				</spirit:vendorExtensions>
			</spirit:port>
			<spirit:port>
				<spirit:name>gpio_io_o</spirit:name>
				<spirit:wire>
					<spirit:direction>out</spirit:direction>
					<spirit:vector>
						<spirit:left spirit:resolve="dependent"
								spirit:dependency="(spirit:decode(id(&apos;MODELPARAM_VALUE.C_GPIO_WIDTH&apos;)) - 1)">3</spirit:left>
						<spirit:right>0</spirit:right>
					</spirit:vector>
					<spirit:wireTypeDefs>
						<spirit:wireTypeDef>
							<spirit:typeName>std_logic_vector</spirit:typeName>
							<spirit:viewNameRef>dummy_view</spirit:viewNameRef>
						</spirit:wireTypeDef>
					</spirit:wireTypeDefs>
				</spirit:wire>
				<spirit:vendorExtensions>
					<xilinx:portInfo>
						<xilinx:enablement>
							<xilinx:presence>optional</xilinx:presence>
							<xilinx:isEnabled xilinx:resolve="dependent"
									xilinx:dependency="(spirit:decode(id(&apos;MODELPARAM_VALUE.C_ALL_INPUTS&apos;)) =0)">true</xilinx:isEnabled>
						</xilinx:enablement>
					</xilinx:portInfo>
				</spirit:vendorExtensions>
			</spirit:port>
			<spirit:port>
				<spirit:name>gpio_io_t</spirit:name>
				<spirit:wire>
					<spirit:direction>out</spirit:direction>
					<spirit:vector>
						<spirit:left spirit:resolve="dependent"
								spirit:dependency="(spirit:decode(id(&apos;MODELPARAM_VALUE.C_GPIO_WIDTH&apos;)) - 1)">3</spirit:left>
						<spirit:right>0</spirit:right>
					</spirit:vector>
					<spirit:wireTypeDefs>
						<spirit:wireTypeDef>
							<spirit:typeName>std_logic_vector</spirit:typeName>
							<spirit:viewNameRef>dummy_view</spirit:viewNameRef>
						</spirit:wireTypeDef>
					</spirit:wireTypeDefs>
				</spirit:wire>
				<spirit:vendorExtensions>
					<xilinx:portInfo>
						<xilinx:enablement>
							<xilinx:presence>optional</xilinx:presence>
							<xilinx:isEnabled xilinx:resolve="dependent"
									xilinx:dependency="(spirit:decode(id(&apos;MODELPARAM_VALUE.C_ALL_INPUTS&apos;)) =0) and (spirit:decode(id(&apos;MODELPARAM_VALUE.C_ALL_OUTPUTS&apos;)) =0)">false</xilinx:isEnabled>
						</xilinx:enablement>
					</xilinx:portInfo>
				</spirit:vendorExtensions>
			</spirit:port>
			<spirit:port>
				<spirit:name>gpio2_io_i</spirit:name>
				<spirit:wire>
					<spirit:direction>in</spirit:direction>
					<spirit:vector>
						<spirit:left spirit:resolve="dependent"
								spirit:dependency="(spirit:decode(id(&apos;MODELPARAM_VALUE.C_GPIO2_WIDTH&apos;)) - 1)">31</spirit:left>
						<spirit:right>0</spirit:right>
					</spirit:vector>
					<spirit:wireTypeDefs>
						<spirit:wireTypeDef>
							<spirit:typeName>std_logic_vector</spirit:typeName>
							<spirit:viewNameRef>dummy_view</spirit:viewNameRef>
						</spirit:wireTypeDef>
					</spirit:wireTypeDefs>
					<spirit:driver>
						<spirit:defaultValue spirit:bitStringLength="32">0</spirit:defaultValue>
					</spirit:driver>
				</spirit:wire>
				<spirit:vendorExtensions>
					<xilinx:portInfo>
						<xilinx:enablement>
							<xilinx:presence>optional</xilinx:presence>
							<xilinx:isEnabled xilinx:resolve="dependent"
									xilinx:dependency="(spirit:decode(id(&apos;MODELPARAM_VALUE.C_IS_DUAL&apos;))= 1) and (spirit:decode(id(&apos;MODELPARAM_VALUE.C_ALL_OUTPUTS_2&apos;))= 0)">false</xilinx:isEnabled>
						</xilinx:enablement>
					</xilinx:portInfo>
				</spirit:vendorExtensions>
			</spirit:port>
			<spirit:port>
				<spirit:name>gpio2_io_o</spirit:name>
				<spirit:wire>
					<spirit:direction>out</spirit:direction>
					<spirit:vector>
						<spirit:left spirit:resolve="dependent"
								spirit:dependency="(spirit:decode(id(&apos;MODELPARAM_VALUE.C_GPIO2_WIDTH&apos;)) - 1)">31</spirit:left>
						<spirit:right>0</spirit:right>
					</spirit:vector>
					<spirit:wireTypeDefs>
						<spirit:wireTypeDef>
							<spirit:typeName>std_logic_vector</spirit:typeName>
							<spirit:viewNameRef>dummy_view</spirit:viewNameRef>
						</spirit:wireTypeDef>
					</spirit:wireTypeDefs>
				</spirit:wire>
				<spirit:vendorExtensions>
					<xilinx:portInfo>
						<xilinx:enablement>
							<xilinx:presence>optional</xilinx:presence>
							<xilinx:isEnabled xilinx:resolve="dependent"
									xilinx:dependency="(spirit:decode(id(&apos;MODELPARAM_VALUE.C_IS_DUAL&apos;))= 1) and (spirit:decode(id(&apos;MODELPARAM_VALUE.C_ALL_INPUTS_2&apos;))=0)">false</xilinx:isEnabled>
						</xilinx:enablement>
					</xilinx:portInfo>
				</spirit:vendorExtensions>
			</spirit:port>
			<spirit:port>
				<spirit:name>gpio2_io_t</spirit:name>
				<spirit:wire>
					<spirit:direction>out</spirit:direction>
					<spirit:vector>
						<spirit:left spirit:resolve="dependent"
								spirit:dependency="(spirit:decode(id(&apos;MODELPARAM_VALUE.C_GPIO2_WIDTH&apos;)) - 1)">31</spirit:left>
						<spirit:right>0</spirit:right>
					</spirit:vector>
					<spirit:wireTypeDefs>
						<spirit:wireTypeDef>
							<spirit:typeName>std_logic_vector</spirit:typeName>
							<spirit:viewNameRef>dummy_view</spirit:viewNameRef>
						</spirit:wireTypeDef>
					</spirit:wireTypeDefs>
				</spirit:wire>
				<spirit:vendorExtensions>
					<xilinx:portInfo>
						<xilinx:enablement>
							<xilinx:presence>optional</xilinx:presence>
							<xilinx:isEnabled xilinx:resolve="dependent"
									xilinx:dependency="(spirit:decode(id(&apos;MODELPARAM_VALUE.C_IS_DUAL&apos;))= 1) and (spirit:decode(id(&apos;MODELPARAM_VALUE.C_ALL_OUTPUTS_2&apos;)) =0) and (spirit:decode(id(&apos;MODELPARAM_VALUE.C_ALL_INPUTS_2&apos;))=0)">false</xilinx:isEnabled>
						</xilinx:enablement>
					</xilinx:portInfo>
				</spirit:vendorExtensions>
			</spirit:port>
		</spirit:ports>
		<spirit:modelParameters>
			<spirit:modelParameter xsi:type="spirit:nameValueTypeType"
					spirit:dataType="string">
				<spirit:name>C_FAMILY</spirit:name>
				<spirit:value spirit:format="string"
						spirit:resolve="generated"
						spirit:id="MODELPARAM_VALUE.C_FAMILY">zynq</spirit:value>
			</spirit:modelParameter>
			<spirit:modelParameter spirit:dataType="integer">
				<spirit:name>C_S_AXI_ADDR_WIDTH</spirit:name>
				<spirit:displayName>C S Axi Addr Width</spirit:displayName>
				<spirit:value spirit:format="long"
						spirit:resolve="immediate"
						spirit:id="MODELPARAM_VALUE.C_S_AXI_ADDR_WIDTH">9</spirit:value>
			</spirit:modelParameter>
			<spirit:modelParameter spirit:dataType="integer">
				<spirit:name>C_S_AXI_DATA_WIDTH</spirit:name>
				<spirit:displayName>C S Axi Data Width</spirit:displayName>
				<spirit:value spirit:format="long"
						spirit:resolve="immediate"
						spirit:id="MODELPARAM_VALUE.C_S_AXI_DATA_WIDTH"
						spirit:minimum="32"
						spirit:maximum="128">32</spirit:value>
			</spirit:modelParameter>
			<spirit:modelParameter spirit:dataType="integer">
				<spirit:name>C_GPIO_WIDTH</spirit:name>
				<spirit:displayName>GPIO Width</spirit:displayName>
				<spirit:value spirit:format="long"
						spirit:resolve="generated"
						spirit:id="MODELPARAM_VALUE.C_GPIO_WIDTH"
						spirit:minimum="1"
						spirit:maximum="32">4</spirit:value>
			</spirit:modelParameter>
			<spirit:modelParameter spirit:dataType="integer">
				<spirit:name>C_GPIO2_WIDTH</spirit:name>
				<spirit:displayName>GPIO2 Data Width</spirit:displayName>
				<spirit:value spirit:format="long"
						spirit:resolve="generated"
						spirit:id="MODELPARAM_VALUE.C_GPIO2_WIDTH"
						spirit:minimum="1"
						spirit:maximum="32">32</spirit:value>
			</spirit:modelParameter>
			<spirit:modelParameter spirit:dataType="integer">
				<spirit:name>C_ALL_INPUTS</spirit:name>
				<spirit:displayName>All Inputs</spirit:displayName>
				<spirit:value spirit:format="long"
						spirit:resolve="generated"
						spirit:id="MODELPARAM_VALUE.C_ALL_INPUTS"
						spirit:minimum="0"
						spirit:maximum="1">0</spirit:value>
			</spirit:modelParameter>
			<spirit:modelParameter spirit:dataType="integer">
				<spirit:name>C_ALL_INPUTS_2</spirit:name>
				<spirit:displayName>All Inputs</spirit:displayName>
				<spirit:value spirit:format="long"
						spirit:resolve="generated"
						spirit:id="MODELPARAM_VALUE.C_ALL_INPUTS_2"
						spirit:minimum="0"
						spirit:maximum="1">0</spirit:value>
			</spirit:modelParameter>
			<spirit:modelParameter spirit:dataType="integer">
				<spirit:name>C_ALL_OUTPUTS</spirit:name>
				<spirit:displayName>All Outputs</spirit:displayName>
				<spirit:value spirit:format="long"
						spirit:resolve="generated"
						spirit:id="MODELPARAM_VALUE.C_ALL_OUTPUTS"
						spirit:minimum="0"
						spirit:maximum="1">1</spirit:value>
			</spirit:modelParameter>
			<spirit:modelParameter spirit:dataType="integer">
				<spirit:name>C_ALL_OUTPUTS_2</spirit:name>
				<spirit:displayName>All Outputs</spirit:displayName>
				<spirit:value spirit:format="long"
						spirit:resolve="generated"
						spirit:id="MODELPARAM_VALUE.C_ALL_OUTPUTS_2"
						spirit:minimum="0"
						spirit:maximum="1">0</spirit:value>
			</spirit:modelParameter>
			<spirit:modelParameter spirit:dataType="integer">
				<spirit:name>C_INTERRUPT_PRESENT</spirit:name>
				<spirit:displayName>Enable Interrupt</spirit:displayName>
				<spirit:value spirit:format="long"
						spirit:resolve="generated"
						spirit:id="MODELPARAM_VALUE.C_INTERRUPT_PRESENT"
						spirit:minimum="0"
						spirit:maximum="1">0</spirit:value>
			</spirit:modelParameter>
			<spirit:modelParameter spirit:dataType="std_logic_vector(31 downto 0)">
				<spirit:name>C_DOUT_DEFAULT</spirit:name>
				<spirit:displayName>Default DOUT value</spirit:displayName>
				<spirit:value spirit:format="bitString"
						spirit:resolve="generated"
						spirit:id="MODELPARAM_VALUE.C_DOUT_DEFAULT"
						spirit:bitStringLength="32">0x00000000</spirit:value>
			</spirit:modelParameter>
			<spirit:modelParameter spirit:dataType="std_logic_vector(31 downto 0)">
				<spirit:name>C_TRI_DEFAULT</spirit:name>
				<spirit:displayName>Default tri state value</spirit:displayName>
				<spirit:value spirit:format="bitString"
						spirit:resolve="generated"
						spirit:id="MODELPARAM_VALUE.C_TRI_DEFAULT"
						spirit:bitStringLength="32">0xFFFFFFFF</spirit:value>
			</spirit:modelParameter>
			<spirit:modelParameter spirit:dataType="integer">
				<spirit:name>C_IS_DUAL</spirit:name>
				<spirit:displayName>Enable Dual channel</spirit:displayName>
				<spirit:value spirit:format="long"
						spirit:resolve="generated"
						spirit:id="MODELPARAM_VALUE.C_IS_DUAL"
						spirit:minimum="0"
						spirit:maximum="1">0</spirit:value>
			</spirit:modelParameter>
			<spirit:modelParameter spirit:dataType="std_logic_vector(31 downto 0)">
				<spirit:name>C_DOUT_DEFAULT_2</spirit:name>
				<spirit:displayName>Default DOUT value2</spirit:displayName>
				<spirit:value spirit:format="bitString"
						spirit:resolve="generated"
						spirit:id="MODELPARAM_VALUE.C_DOUT_DEFAULT_2"
						spirit:bitStringLength="32">0x00000000</spirit:value>
			</spirit:modelParameter>
			<spirit:modelParameter spirit:dataType="std_logic_vector(31 downto 0)">
				<spirit:name>C_TRI_DEFAULT_2</spirit:name>
				<spirit:displayName>Default tri state value2</spirit:displayName>
				<spirit:value spirit:format="bitString"
						spirit:resolve="generated"
						spirit:id="MODELPARAM_VALUE.C_TRI_DEFAULT_2"
						spirit:bitStringLength="32">0xFFFFFFFF</spirit:value>
			</spirit:modelParameter>
		</spirit:modelParameters>
	</spirit:model>
	<spirit:choices>
		<spirit:choice>
			<spirit:name>choices_0</spirit:name>
			<spirit:enumeration spirit:text="false">0</spirit:enumeration>
			<spirit:enumeration spirit:text="true">1</spirit:enumeration>
		</spirit:choice>
		<spirit:choice>
			<spirit:name>choices_1</spirit:name>
			<spirit:enumeration spirit:text="false">0</spirit:enumeration>
			<spirit:enumeration spirit:text="true">1</spirit:enumeration>
		</spirit:choice>
		<spirit:choice>
			<spirit:name>choices_2</spirit:name>
			<spirit:enumeration spirit:text="false">0</spirit:enumeration>
			<spirit:enumeration spirit:text="true">1</spirit:enumeration>
		</spirit:choice>
		<spirit:choice>
			<spirit:name>choices_3</spirit:name>
			<spirit:enumeration spirit:text="false">0</spirit:enumeration>
			<spirit:enumeration spirit:text="true">1</spirit:enumeration>
		</spirit:choice>
		<spirit:choice>
			<spirit:name>choices_4</spirit:name>
			<spirit:enumeration spirit:text="Custom">Custom</spirit:enumeration>
			<spirit:enumeration spirit:text="gpio_sw">gpio_sw</spirit:enumeration>
			<spirit:enumeration spirit:text="leds_4bits">leds_4bits</spirit:enumeration>
		</spirit:choice>
		<spirit:choice>
			<spirit:name>choices_5</spirit:name>
			<spirit:enumeration spirit:text="Custom">Custom</spirit:enumeration>
			<spirit:enumeration spirit:text="gpio_sw">gpio_sw</spirit:enumeration>
			<spirit:enumeration spirit:text="leds_4bits">leds_4bits</spirit:enumeration>
		</spirit:choice>
		<spirit:choice>
			<spirit:name>choices_6</spirit:name>
			<spirit:enumeration spirit:text="false">0</spirit:enumeration>
			<spirit:enumeration spirit:text="true">1</spirit:enumeration>
		</spirit:choice>
		<spirit:choice>
			<spirit:name>choices_7</spirit:name>
			<spirit:enumeration spirit:text="false">0</spirit:enumeration>
			<spirit:enumeration spirit:text="true">1</spirit:enumeration>
		</spirit:choice>
	</spirit:choices>
	<spirit:description>Advanced eXtensible Interface General Purpose Input/Output (AXI GPIO) core provides a general purpose input/output interface to the AXI interface.</spirit:description>
	<spirit:parameters>
		<spirit:parameter>
			<spirit:name>C_TRI_DEFAULT</spirit:name>
			<spirit:displayName>Default Tri State Value</spirit:displayName>
			<spirit:value spirit:format="bitString"
					spirit:resolve="user"
					spirit:id="PARAM_VALUE.C_TRI_DEFAULT"
					spirit:order="2000"
					spirit:bitStringLength="32">0xFFFFFFFF</spirit:value>
			<spirit:vendorExtensions>
				<xilinx:parameterInfo>
					<xilinx:enablement>
						<xilinx:presence>optional</xilinx:presence>
						<xilinx:isEnabled xilinx:resolve="dependent">false</xilinx:isEnabled>
					</xilinx:enablement>
				</xilinx:parameterInfo>
			</spirit:vendorExtensions>
		</spirit:parameter>
		<spirit:parameter>
			<spirit:name>C_GPIO_WIDTH</spirit:name>
			<spirit:displayName>GPIO Width</spirit:displayName>
			<spirit:value spirit:format="long"
					spirit:resolve="user"
					spirit:id="PARAM_VALUE.C_GPIO_WIDTH"
					spirit:order="1900"
					spirit:minimum="1"
					spirit:maximum="32">4</spirit:value>
			<spirit:vendorExtensions>
				<xilinx:parameterInfo>
					<xilinx:enablement>
						<xilinx:presence>optional</xilinx:presence>
						<xilinx:isEnabled xilinx:resolve="dependent">true</xilinx:isEnabled>
					</xilinx:enablement>
				</xilinx:parameterInfo>
			</spirit:vendorExtensions>
		</spirit:parameter>
		<spirit:parameter>
			<spirit:name>C_GPIO2_WIDTH</spirit:name>
			<spirit:displayName>GPIO Width</spirit:displayName>
			<spirit:value spirit:format="long"
					spirit:resolve="user"
					spirit:id="PARAM_VALUE.C_GPIO2_WIDTH"
					spirit:order="1800"
					spirit:minimum="1"
					spirit:maximum="32">32</spirit:value>
			<spirit:vendorExtensions>
				<xilinx:parameterInfo>
					<xilinx:enablement>
						<xilinx:presence>optional</xilinx:presence>
						<xilinx:isEnabled xilinx:resolve="dependent">false</xilinx:isEnabled>
					</xilinx:enablement>
				</xilinx:parameterInfo>
			</spirit:vendorExtensions>
		</spirit:parameter>
		<spirit:parameter>
			<spirit:name>C_IS_DUAL</spirit:name>
			<spirit:displayName>Enable Dual Channel</spirit:displayName>
			<spirit:value spirit:format="long"
					spirit:resolve="user"
					spirit:id="PARAM_VALUE.C_IS_DUAL"
					spirit:choiceRef="choices_0"
					spirit:order="1200">0</spirit:value>
			<spirit:vendorExtensions>
				<xilinx:parameterInfo>
					<xilinx:enablement>
						<xilinx:presence>optional</xilinx:presence>
						<xilinx:isEnabled xilinx:resolve="dependent">true</xilinx:isEnabled>
					</xilinx:enablement>
				</xilinx:parameterInfo>
			</spirit:vendorExtensions>
		</spirit:parameter>
		<spirit:parameter>
			<spirit:name>C_ALL_INPUTS</spirit:name>
			<spirit:displayName>All Inputs</spirit:displayName>
			<spirit:value spirit:format="long"
					spirit:resolve="user"
					spirit:id="PARAM_VALUE.C_ALL_INPUTS"
					spirit:choiceRef="choices_1"
					spirit:order="1300">0</spirit:value>
			<spirit:vendorExtensions>
				<xilinx:parameterInfo>
					<xilinx:enablement>
						<xilinx:presence>optional</xilinx:presence>
						<xilinx:isEnabled xilinx:resolve="dependent">false</xilinx:isEnabled>
					</xilinx:enablement>
				</xilinx:parameterInfo>
			</spirit:vendorExtensions>
		</spirit:parameter>
		<spirit:parameter>
			<spirit:name>C_TRI_DEFAULT_2</spirit:name>
			<spirit:displayName>Default Tri State Value</spirit:displayName>
			<spirit:value spirit:format="bitString"
					spirit:resolve="user"
					spirit:id="PARAM_VALUE.C_TRI_DEFAULT_2"
					spirit:order="1400"
					spirit:bitStringLength="32">0xFFFFFFFF</spirit:value>
			<spirit:vendorExtensions>
				<xilinx:parameterInfo>
					<xilinx:enablement>
						<xilinx:presence>optional</xilinx:presence>
						<xilinx:isEnabled xilinx:resolve="dependent">false</xilinx:isEnabled>
					</xilinx:enablement>
				</xilinx:parameterInfo>
			</spirit:vendorExtensions>
		</spirit:parameter>
		<spirit:parameter>
			<spirit:name>C_DOUT_DEFAULT_2</spirit:name>
			<spirit:displayName>Default Output Value</spirit:displayName>
			<spirit:value spirit:format="bitString"
					spirit:resolve="user"
					spirit:id="PARAM_VALUE.C_DOUT_DEFAULT_2"
					spirit:order="1500"
					spirit:bitStringLength="32">0x00000000</spirit:value>
			<spirit:vendorExtensions>
				<xilinx:parameterInfo>
					<xilinx:enablement>
						<xilinx:presence>optional</xilinx:presence>
						<xilinx:isEnabled xilinx:resolve="dependent">false</xilinx:isEnabled>
					</xilinx:enablement>
				</xilinx:parameterInfo>
			</spirit:vendorExtensions>
		</spirit:parameter>
		<spirit:parameter>
			<spirit:name>C_DOUT_DEFAULT</spirit:name>
			<spirit:displayName>Default Output Value</spirit:displayName>
			<spirit:value spirit:format="bitString"
					spirit:resolve="user"
					spirit:id="PARAM_VALUE.C_DOUT_DEFAULT"
					spirit:order="1600"
					spirit:bitStringLength="32">0x00000000</spirit:value>
			<spirit:vendorExtensions>
				<xilinx:parameterInfo>
					<xilinx:enablement>
						<xilinx:presence>optional</xilinx:presence>
						<xilinx:isEnabled xilinx:resolve="dependent">true</xilinx:isEnabled>
					</xilinx:enablement>
				</xilinx:parameterInfo>
			</spirit:vendorExtensions>
		</spirit:parameter>
		<spirit:parameter>
			<spirit:name>C_ALL_INPUTS_2</spirit:name>
			<spirit:displayName>All Inputs</spirit:displayName>
			<spirit:value spirit:format="long"
					spirit:resolve="user"
					spirit:id="PARAM_VALUE.C_ALL_INPUTS_2"
					spirit:choiceRef="choices_2"
					spirit:order="1700">0</spirit:value>
			<spirit:vendorExtensions>
				<xilinx:parameterInfo>
					<xilinx:enablement>
						<xilinx:presence>optional</xilinx:presence>
						<xilinx:isEnabled xilinx:resolve="dependent">false</xilinx:isEnabled>
					</xilinx:enablement>
				</xilinx:parameterInfo>
			</spirit:vendorExtensions>
		</spirit:parameter>
		<spirit:parameter>
			<spirit:name>C_INTERRUPT_PRESENT</spirit:name>
			<spirit:displayName>Enable Interrupt</spirit:displayName>
			<spirit:value spirit:format="long"
					spirit:resolve="user"
					spirit:id="PARAM_VALUE.C_INTERRUPT_PRESENT"
					spirit:choiceRef="choices_3"
					spirit:order="1100">0</spirit:value>
			<spirit:vendorExtensions>
				<xilinx:parameterInfo>
					<xilinx:enablement>
						<xilinx:presence>optional</xilinx:presence>
						<xilinx:isEnabled xilinx:resolve="dependent">true</xilinx:isEnabled>
					</xilinx:enablement>
				</xilinx:parameterInfo>
			</spirit:vendorExtensions>
		</spirit:parameter>
		<spirit:parameter>
			<spirit:name>Component_Name</spirit:name>
			<spirit:value spirit:resolve="user"
					spirit:id="PARAM_VALUE.Component_Name"
					spirit:order="1">zynq_bd_axi_gpio_0_0</spirit:value>
			<spirit:vendorExtensions>
				<xilinx:parameterInfo>
					<xilinx:enablement>
						<xilinx:presence>optional</xilinx:presence>
						<xilinx:isEnabled xilinx:resolve="dependent">true</xilinx:isEnabled>
					</xilinx:enablement>
				</xilinx:parameterInfo>
			</spirit:vendorExtensions>
		</spirit:parameter>
		<spirit:parameter>
			<spirit:name>USE_BOARD_FLOW</spirit:name>
			<spirit:displayName>Generate Board based IO Constraints</spirit:displayName>
			<spirit:value spirit:format="bool"
					spirit:resolve="user"
					spirit:id="PARAM_VALUE.USE_BOARD_FLOW"
					spirit:order="1000">true</spirit:value>
			<spirit:vendorExtensions>
				<xilinx:parameterInfo>
					<xilinx:enablement>
						<xilinx:presence>optional</xilinx:presence>
						<xilinx:isEnabled xilinx:resolve="dependent">true</xilinx:isEnabled>
					</xilinx:enablement>
				</xilinx:parameterInfo>
			</spirit:vendorExtensions>
		</spirit:parameter>
		<spirit:parameter>
			<spirit:name>GPIO_BOARD_INTERFACE</spirit:name>
			<spirit:value spirit:resolve="user"
					spirit:id="PARAM_VALUE.GPIO_BOARD_INTERFACE"
					spirit:choiceRef="choices_4"
					spirit:order="1001">leds_4bits</spirit:value>
			<spirit:vendorExtensions>
				<xilinx:parameterInfo>
					<xilinx:enablement>
						<xilinx:presence>optional</xilinx:presence>
						<xilinx:isEnabled xilinx:resolve="dependent">true</xilinx:isEnabled>
					</xilinx:enablement>
				</xilinx:parameterInfo>
			</spirit:vendorExtensions>
		</spirit:parameter>
		<spirit:parameter>
			<spirit:name>GPIO2_BOARD_INTERFACE</spirit:name>
			<spirit:value spirit:resolve="user"
					spirit:id="PARAM_VALUE.GPIO2_BOARD_INTERFACE"
					spirit:choiceRef="choices_5"
					spirit:order="1201">Custom</spirit:value>
			<spirit:vendorExtensions>
				<xilinx:parameterInfo>
					<xilinx:enablement>
						<xilinx:presence>optional</xilinx:presence>
						<xilinx:isEnabled xilinx:resolve="dependent">true</xilinx:isEnabled>
					</xilinx:enablement>
				</xilinx:parameterInfo>
			</spirit:vendorExtensions>
		</spirit:parameter>
		<spirit:parameter>
			<spirit:name>C_ALL_OUTPUTS</spirit:name>
			<spirit:displayName>All Outputs</spirit:displayName>
			<spirit:value spirit:format="long"
					spirit:resolve="user"
					spirit:id="PARAM_VALUE.C_ALL_OUTPUTS"
					spirit:choiceRef="choices_6"
					spirit:order="2100">1</spirit:value>
			<spirit:vendorExtensions>
				<xilinx:parameterInfo>
					<xilinx:enablement>
						<xilinx:presence>optional</xilinx:presence>
						<xilinx:isEnabled xilinx:resolve="dependent">false</xilinx:isEnabled>
					</xilinx:enablement>
				</xilinx:parameterInfo>
			</spirit:vendorExtensions>
		</spirit:parameter>
		<spirit:parameter>
			<spirit:name>C_ALL_OUTPUTS_2</spirit:name>
			<spirit:displayName>All Outputs</spirit:displayName>
			<spirit:value spirit:format="long"
					spirit:resolve="user"
					spirit:id="PARAM_VALUE.C_ALL_OUTPUTS_2"
					spirit:choiceRef="choices_7"
					spirit:order="2200">0</spirit:value>
			<spirit:vendorExtensions>
				<xilinx:parameterInfo>
					<xilinx:enablement>
						<xilinx:presence>optional</xilinx:presence>
						<xilinx:isEnabled xilinx:resolve="dependent">false</xilinx:isEnabled>
					</xilinx:enablement>
				</xilinx:parameterInfo>
			</spirit:vendorExtensions>
		</spirit:parameter>
	</spirit:parameters>
	<spirit:vendorExtensions>
		<xilinx:coreExtensions>
			<xilinx:supportedFamilies>
				<xilinx:family xilinx:lifeCycle="Production">aartix7</xilinx:family>
				<xilinx:family xilinx:lifeCycle="Production">artix7</xilinx:family>
				<xilinx:family xilinx:lifeCycle="Production">artix7l</xilinx:family>
				<xilinx:family xilinx:lifeCycle="Production">azynq</xilinx:family>
				<xilinx:family xilinx:lifeCycle="Production">kintex7</xilinx:family>
				<xilinx:family xilinx:lifeCycle="Production">kintex7l</xilinx:family>
				<xilinx:family xilinx:lifeCycle="Pre-Production">kintexu</xilinx:family>
				<xilinx:family xilinx:lifeCycle="Production">qartix7</xilinx:family>
				<xilinx:family xilinx:lifeCycle="Production">qkintex7</xilinx:family>
				<xilinx:family xilinx:lifeCycle="Production">qkintex7l</xilinx:family>
				<xilinx:family xilinx:lifeCycle="Production">qvirtex7</xilinx:family>
				<xilinx:family xilinx:lifeCycle="Production">qzynq</xilinx:family>
				<xilinx:family xilinx:lifeCycle="Production">virtex7</xilinx:family>
				<xilinx:family xilinx:lifeCycle="Pre-Production">virtexu</xilinx:family>
				<xilinx:family xilinx:lifeCycle="Production">zynq</xilinx:family>
			</xilinx:supportedFamilies>
			<xilinx:taxonomies>
				<xilinx:taxonomy>/Embedded_Processing/AXI_Peripheral/Low_Speed_Peripheral</xilinx:taxonomy>
			</xilinx:taxonomies>
			<xilinx:displayName>AXI GPIO</xilinx:displayName>
			<xilinx:vendorURL>http://www.xilinx.com</xilinx:vendorURL>
			<xilinx:coreRevision>5</xilinx:coreRevision>
			<xilinx:paymentRequired>false</xilinx:paymentRequired>
			<xilinx:upgrades>
				<xilinx:canUpgradeFrom>xilinx.com:ip:axi_gpio:1.01.b</xilinx:canUpgradeFrom>
			</xilinx:upgrades>
			<xilinx:coreCreationDateTime>2014-05-30T15:08:32Z</xilinx:coreCreationDateTime>
		</xilinx:coreExtensions>
		<xilinx:packagingInfo>
			<xilinx:xilinxVersion>2014.2</xilinx:xilinxVersion>
			<xilinx:checksum xilinx:scope="busInterfaces"
					xilinx:value="2935a1ec"/>
			<xilinx:checksum xilinx:scope="fileGroups"
					xilinx:value="d1099cc6"/>
			<xilinx:checksum xilinx:scope="ports"
					xilinx:value="75d64d03"/>
			<xilinx:checksum xilinx:scope="hdlParameters"
					xilinx:value="de28560e"/>
			<xilinx:checksum xilinx:scope="parameters"
					xilinx:value="0e8d5561"/>
		</xilinx:packagingInfo>
	</spirit:vendorExtensions>
</spirit:component>
